frame_id,object,score,area
frame_000046.jpg,person,0.9971532821655273,4608.54493779561
frame_000046.jpg,keyboard,0.9261167645454407,1274.6692892618012
frame_000069.jpg,person,0.998314380645752,6193.603401020839
frame_000092.jpg,person,0.9973872303962708,9985.455823336495
frame_000092.jpg,refrigerator,0.9664203524589539,1175.0577695388347
frame_000092.jpg,vase,0.7678697109222412,2642.6988049489155
frame_000092.jpg,bed,0.72194504737854,1002.7583725331351
frame_000092.jpg,skateboard,0.6832175254821777,1614.7376052927575
frame_000092.jpg,vase,0.6688119769096375,3364.513341675047
frame_000092.jpg,bed,0.5410230755805969,3858.17867407389
frame_000115.jpg,person,0.9919061660766602,14164.832457678232
frame_000115.jpg,vase,0.6056340932846069,2994.942649989389
frame_000138.jpg,person,0.9973649382591248,18045.19207856286
frame_000138.jpg,class_90,0.6158907413482666,1861.8806744511821
frame_000161.jpg,keyboard,0.9426405429840088,19217.46644700045
frame_000161.jpg,cup,0.884437084197998,2543.777684707573
frame_000161.jpg,person,0.8363653421401978,130.47350230428856
frame_000184.jpg,keyboard,0.9316747784614563,18491.6337704733
frame_000184.jpg,person,0.8242985010147095,125.73910572950263
frame_000184.jpg,cup,0.756894588470459,2388.3255803390057
frame_000207.jpg,cup,0.8790608644485474,2520.7191427176003
frame_000207.jpg,keyboard,0.8256623148918152,19338.157649116387
frame_000207.jpg,person,0.7792239785194397,2225.779882267525
frame_000207.jpg,person,0.7167882919311523,156.85791391233215
frame_000230.jpg,keyboard,0.9443778395652771,19638.778649914166
frame_000230.jpg,person,0.9409399032592773,3674.4398425065447
frame_000230.jpg,cup,0.9200920462608337,2519.7849200237542
frame_000230.jpg,person,0.8936824798583984,1235.1805195369525
frame_000230.jpg,person,0.6754097938537598,164.53591910772957
frame_000230.jpg,bird,0.5436747074127197,23.68540223117452
frame_000253.jpg,person,0.9927218556404114,21031.166074732762
frame_000276.jpg,person,0.9372200965881348,3378.1676800987916
frame_000276.jpg,person,0.8045740127563477,303.7450683187926
frame_000276.jpg,person,0.6691660284996033,180.54390555422287
frame_000299.jpg,person,0.6705657839775085,3199.15254535689
frame_000322.jpg,person,0.5616472363471985,1248.4024706380442
frame_000345.jpg,person,0.9975388050079346,6644.9090832970105
frame_000345.jpg,sports ball,0.7643884420394897,4330.691702586482
frame_000368.jpg,person,0.9982337951660156,10949.762558493909
frame_000368.jpg,person,0.6301898956298828,955.5039599501761
frame_000391.jpg,person,0.9952697157859802,3298.4474162257684
frame_000391.jpg,N/A,0.8357977867126465,7140.052023143275
frame_000391.jpg,suitcase,0.8004294037818909,7002.858521915856
frame_000391.jpg,cup,0.7935455441474915,219.60549865756184
frame_000391.jpg,keyboard,0.7804828882217407,1297.6087088359636
frame_000391.jpg,sink,0.7604764103889465,147.36397772940109
frame_000391.jpg,N/A,0.53687983751297,14579.745549304178
frame_000414.jpg,person,0.9827892184257507,3313.6721781528904
frame_000414.jpg,keyboard,0.9676001071929932,1347.075385232165
frame_000414.jpg,cup,0.8508972525596619,196.7235082788393
frame_000414.jpg,suitcase,0.729122519493103,6742.056508574635
frame_000414.jpg,N/A,0.6472613215446472,14188.174993137247
frame_000414.jpg,N/A,0.6338838338851929,7294.238857738674
frame_000437.jpg,cup,0.7849342226982117,3630.042196430586
frame_000437.jpg,keyboard,0.6423267126083374,18493.822235956817
frame_000460.jpg,person,0.6865645051002502,129.0268583809957
frame_000460.jpg,cup,0.5425102114677429,2511.261650524757
frame_000483.jpg,person,0.9812735319137573,4838.7390404948965
frame_000506.jpg,person,0.9877342581748962,5147.244637818541
frame_000529.jpg,person,0.9937346577644348,6882.774100863258
frame_000529.jpg,person,0.9376935958862305,1636.4853424012545
frame_000529.jpg,person,0.6059194207191467,437.5507957546506
frame_000552.jpg,person,0.9931389689445496,8148.270057231188
frame_000552.jpg,bicycle,0.7724124789237976,3498.175618160749
frame_000552.jpg,person,0.6269708871841431,1309.0744418115355
frame_000575.jpg,person,0.9888197779655457,9045.380995587038
frame_000598.jpg,person,0.9950189590454102,14862.09478036876
frame_000621.jpg,person,0.9947901964187622,15228.84825126719
frame_000644.jpg,toothbrush,0.6835917234420776,7587.633559899812
frame_000667.jpg,person,0.9536343216896057,7097.025124395441
frame_000667.jpg,person,0.7398470640182495,1321.6663600620814
frame_000667.jpg,person,0.587356448173523,3088.8190878571477
frame_000690.jpg,person,0.9857565760612488,9104.331498785177
frame_000690.jpg,person,0.8792188167572021,1237.8885509402608
frame_000713.jpg,person,0.9940758943557739,23243.457137780817
frame_000713.jpg,sandwich,0.9557892084121704,256.4004705796251
frame_000713.jpg,oven,0.590155839920044,252.9657200180227
frame_000736.jpg,person,0.9964436888694763,26412.48287184295
frame_000736.jpg,sandwich,0.9519689083099365,231.85929436900187
frame_000736.jpg,oven,0.6231328248977661,1141.0669652698562
frame_000759.jpg,person,0.9982878565788269,36122.65588344887
frame_000782.jpg,sandwich,0.9021937847137451,11221.885559384245
frame_000782.jpg,knife,0.5675151944160461,14902.587026753929
frame_000805.jpg,sandwich,0.9895584583282471,12718.382515649544
frame_000805.jpg,person,0.5992324352264404,10645.176749279428
frame_000805.jpg,broccoli,0.5282594561576843,422.2734149833559
frame_000828.jpg,person,0.9927414655685425,1743.3435014787829
frame_000828.jpg,person,0.9522602558135986,972.9091682005674
frame_000851.jpg,person,0.9783152341842651,19536.016026791185
frame_000874.jpg,person,0.9978123903274536,12242.88253087725
frame_000874.jpg,person,0.6498236060142517,1986.6934470714768
frame_000897.jpg,person,0.9962839484214783,14582.045702295727
frame_000897.jpg,person,0.666840136051178,1235.9904168513604
frame_000920.jpg,person,0.9977023005485535,15830.74813642446
frame_000920.jpg,person,0.5760804414749146,1104.4330921747605
frame_000943.jpg,person,0.9669005870819092,20118.645253127645
frame_000966.jpg,person,0.9639564156532288,4570.385877543886
frame_000966.jpg,keyboard,0.9543612003326416,18946.937832432333
frame_000966.jpg,person,0.8182803392410278,135.44435720401816
frame_000966.jpg,cup,0.7945782542228699,2507.791139354871
frame_000989.jpg,sandwich,0.7564771771430969,14589.942735531367
frame_000989.jpg,keyboard,0.6301974058151245,28523.897770614978
frame_001012.jpg,person,0.9968495965003967,29876.44059106651
frame_001012.jpg,keyboard,0.966839075088501,2739.1147487959242
frame_001012.jpg,cup,0.6592115163803101,360.2392296033795
frame_001035.jpg,cup,0.7837542295455933,3765.9279713201104
frame_001035.jpg,person,0.711599588394165,302.4750227923505
frame_001035.jpg,keyboard,0.5787621140480042,20591.517848090676
frame_001035.jpg,person,0.573410153388977,2410.476681684435
frame_001058.jpg,person,0.9729484915733337,2011.2601000544382
frame_001058.jpg,person,0.9674001336097717,2527.2415394725394
frame_001058.jpg,person,0.8585012555122375,648.4388941974248
frame_001058.jpg,person,0.5152102708816528,5991.728190211434
frame_001081.jpg,sandwich,0.5533609390258789,48328.86915504818
frame_001104.jpg,person,0.9992522597312927,29290.730058682966
frame_001104.jpg,oven,0.8147602677345276,156.75078514637426
frame_001104.jpg,N/A,0.7745312452316284,3783.492147534038
frame_001104.jpg,bed,0.7694408893585205,900.3117487150594
frame_001104.jpg,class_90,0.5039623379707336,34.681574293761514
frame_001127.jpg,person,0.7548654675483704,111.98158437170787
frame_001127.jpg,cup,0.7016227841377258,2423.5685995719396
frame_001127.jpg,keyboard,0.6268258094787598,19867.73023536845
frame_001127.jpg,toothbrush,0.5419134497642517,2153.739869859768
frame_001150.jpg,cup,0.8437622785568237,2385.7252884154877
frame_001150.jpg,person,0.7326546907424927,125.46775874507148
frame_001150.jpg,truck,0.5114250183105469,4329.358480405062
frame_001173.jpg,person,0.9636344909667969,15757.61015317496
frame_001173.jpg,frisbee,0.9340018630027771,5102.344255781478
frame_001173.jpg,person,0.9233613014221191,17157.501676753207
frame_001173.jpg,person,0.7953908443450928,31232.44667898427
frame_001173.jpg,person,0.630150556564331,4486.409246420488
frame_001173.jpg,person,0.5536336898803711,10686.235299615772
frame_001196.jpg,person,0.9781479835510254,21824.44427135118
frame_001196.jpg,person,0.8613967299461365,4509.773771768218
frame_001196.jpg,person,0.5722107291221619,48106.20911566627
frame_001219.jpg,person,0.9910833835601807,16319.618714897893
frame_001242.jpg,person,0.9941945672035217,39197.43171313968
frame_001265.jpg,person,0.9903944134712219,21919.869803716574
frame_001265.jpg,person,0.9706072211265564,7096.95712823153
frame_001265.jpg,person,0.9621272087097168,12121.17874205389
frame_001265.jpg,person,0.7913938760757446,10576.86366439762
frame_001288.jpg,person,0.9925204515457153,7999.068811526522
frame_001288.jpg,person,0.9867587685585022,8705.400954404206
frame_001288.jpg,keyboard,0.9437941908836365,2025.1104304823093
frame_001311.jpg,person,0.9981698989868164,2532.7945160111412
frame_001311.jpg,N/A,0.7310581803321838,3517.175589412218
frame_001334.jpg,person,0.9959515333175659,4605.860090162198
frame_001334.jpg,N/A,0.5782773494720459,5784.919517207891
frame_001357.jpg,person,0.9939600229263306,26327.695053376825
frame_001357.jpg,person,0.6310003995895386,1856.2578008868732
frame_001357.jpg,person,0.5613609552383423,6503.705474292394
frame_001357.jpg,person,0.5238704681396484,216.77487444132566
frame_001380.jpg,person,0.998467743396759,7377.042047734372
frame_001380.jpg,person,0.980383574962616,2871.0019586677663
frame_001380.jpg,person,0.9468590617179871,9860.439288572641
frame_001380.jpg,person,0.8772502541542053,3411.8626954441424
frame_001380.jpg,suitcase,0.7047600746154785,319.231863389723
frame_001380.jpg,sandwich,0.7012984752655029,2847.637796559866
frame_001380.jpg,toothbrush,0.5251564383506775,3295.0762067572214
frame_001403.jpg,person,0.9966553449630737,5894.769759588875
frame_001403.jpg,person,0.9939332604408264,5360.199776297668
frame_001403.jpg,person,0.9236442446708679,12813.815796760144
frame_001403.jpg,person,0.7635200023651123,2508.1989144114777
frame_001403.jpg,umbrella,0.7252228856086731,8879.297712623695
frame_001403.jpg,suitcase,0.5976881980895996,687.4896989371628
frame_001426.jpg,person,0.9912813305854797,10227.77918849676
frame_001426.jpg,person,0.8475278615951538,6028.975665513426
frame_001449.jpg,person,0.9994730353355408,10404.678060535342
frame_001472.jpg,person,0.9959481358528137,5916.841140786506
frame_001472.jpg,person,0.9951222538948059,19774.787744994974
frame_001472.jpg,person,0.9768733978271484,2280.7208783808164
frame_001495.jpg,person,0.5729724764823914,5334.860995260853
frame_001518.jpg,person,0.9712863564491272,32790.99770672923
frame_001541.jpg,person,0.9674333930015564,33651.44111355452
frame_001564.jpg,person,0.9949317574501038,39054.40264934655
frame_001564.jpg,person,0.9697583913803101,2955.322879710817
frame_001564.jpg,person,0.6667481660842896,18043.728502115915
frame_001587.jpg,person,0.9949523210525513,8875.383876513108
frame_001587.jpg,person,0.9873546957969666,5716.338448046241
frame_001587.jpg,keyboard,0.9484323263168335,2173.261100622767
frame_001587.jpg,person,0.56366366147995,10441.859691427817
frame_001610.jpg,person,0.9660653471946716,25684.424026453693
frame_001633.jpg,person,0.9389503598213196,7644.082385995091
frame_001633.jpg,person,0.8872198462486267,29060.86948232379
frame_001633.jpg,person,0.7435709834098816,12399.638119881274
frame_001633.jpg,person,0.6178398728370667,16568.732697590487
frame_001633.jpg,person,0.5338441729545593,16295.39210183546
frame_001656.jpg,person,0.8935583829879761,14801.35165014118
frame_001656.jpg,person,0.8300045132637024,34532.00918732578
frame_001656.jpg,knife,0.7852593660354614,3795.2592664664844
frame_001656.jpg,person,0.7577525973320007,10079.857331834515
frame_001656.jpg,person,0.6054477691650391,23089.712782748742
frame_001656.jpg,person,0.5682384967803955,951.7207064018294
frame_001656.jpg,person,0.564211368560791,29595.831136027584
frame_001679.jpg,person,0.9962775111198425,16483.326450222376
frame_001679.jpg,person,0.5343738198280334,9960.447259287335
frame_001702.jpg,person,0.9979535341262817,33961.00529011885
frame_001702.jpg,person,0.9785422086715698,12766.121005223104
frame_001725.jpg,person,0.993933379650116,38402.84596795505
frame_001725.jpg,person,0.988527774810791,2077.8252812766004
frame_001725.jpg,person,0.7646812200546265,1567.6057937310543
frame_001748.jpg,person,0.9775767922401428,14483.629564351664
frame_001771.jpg,person,0.9987301230430603,9481.607749987335
frame_001771.jpg,cup,0.5454651117324829,459.42342877190094
frame_001771.jpg,dining table,0.5443622469902039,3681.239936126396
frame_001794.jpg,keyboard,0.8443161845207214,18773.487443423975
frame_001794.jpg,person,0.831177294254303,119.86191408679588
frame_001794.jpg,cup,0.7146108746528625,2128.4225335171213
frame_001817.jpg,person,0.9752570390701294,1254.0771187907376
frame_001817.jpg,person,0.9508993625640869,2265.265143495577
frame_001817.jpg,person,0.9348559975624084,1333.188562987838
frame_001817.jpg,person,0.8376850485801697,1143.4762447347748
frame_001817.jpg,person,0.5814599990844727,3677.6217879824108
frame_001840.jpg,person,0.9962387084960938,12940.600608265755
frame_001863.jpg,person,0.9936603903770447,16448.524927485967
frame_001863.jpg,person,0.9785602688789368,5989.289807989146
frame_001863.jpg,person,0.6298089027404785,36702.82051065352
frame_001863.jpg,person,0.5206073522567749,3102.8624227287946
frame_001886.jpg,hair drier,0.6575483083724976,1744.4124035087461
frame_001886.jpg,person,0.5005719661712646,11313.468500362244
frame_001909.jpg,person,0.9965373277664185,18551.622980687767
frame_001909.jpg,person,0.967648446559906,3269.09957233374
frame_001909.jpg,person,0.9298670887947083,2128.979588042421
frame_001909.jpg,bicycle,0.6064696907997131,1993.395731016295
frame_001909.jpg,person,0.531137228012085,1367.3761332929134
frame_001932.jpg,person,0.9903799295425415,23644.210146958212
frame_001932.jpg,person,0.9675521850585938,12597.041868235814
frame_001932.jpg,person,0.6128921508789062,29233.912771070143
frame_001955.jpg,person,0.997734546661377,12383.4906118355
frame_001955.jpg,person,0.9863280057907104,21312.412206642766
frame_001955.jpg,person,0.794825553894043,3590.2456469397293
frame_001978.jpg,hair drier,0.7018459439277649,22539.81160364236
frame_002001.jpg,person,0.9877495169639587,29667.874045823468
frame_002024.jpg,person,0.9971703886985779,11727.460808080854
frame_002024.jpg,person,0.9875150918960571,3507.8057771141175
frame_002024.jpg,person,0.9813178181648254,9642.465169386007
frame_002024.jpg,person,0.8286817073822021,1889.190017390647
frame_002024.jpg,person,0.5762945413589478,19727.742833578028
frame_002047.jpg,person,0.9978263974189758,15074.214443947421
frame_002070.jpg,person,0.9950826168060303,20014.808329679945
frame_002070.jpg,person,0.9877403378486633,3711.417501760443
frame_002070.jpg,person,0.9502967596054077,3745.703005053103
frame_002070.jpg,person,0.8489301204681396,6467.733213038533
frame_002070.jpg,teddy bear,0.5046151280403137,5667.65705979611
frame_002093.jpg,keyboard,0.9567024111747742,17444.48315073314
frame_002093.jpg,person,0.9408228397369385,119.92170216399245
frame_002093.jpg,cup,0.6459511518478394,2198.328949182527
frame_002116.jpg,person,0.9837448596954346,25480.23836246187
frame_002116.jpg,person,0.7935836911201477,13464.180011603981
frame_002116.jpg,knife,0.6981841325759888,2670.099813089124
frame_002162.jpg,person,0.9967995882034302,10037.179480955238
frame_002162.jpg,person,0.9698538184165955,18013.310321041383
frame_002162.jpg,suitcase,0.7192317247390747,331.4954083892517
frame_002162.jpg,person,0.7069243788719177,4125.497825956787
frame_002185.jpg,person,0.996412456035614,7346.640454860404
frame_002208.jpg,person,0.9903083443641663,13717.683968585334
frame_002208.jpg,frisbee,0.7553296685218811,1764.601867865771
frame_002208.jpg,person,0.6536684632301331,33758.32546660642
frame_002208.jpg,teddy bear,0.5496519207954407,936.8376835965901
frame_002231.jpg,traffic light,0.9612319469451904,1546.9945863813628
frame_002231.jpg,person,0.9514676928520203,4704.146800681483
frame_002231.jpg,person,0.896228551864624,3615.8719273507595
frame_002231.jpg,person,0.8292340636253357,1546.9136435666587
frame_002231.jpg,person,0.5580114126205444,2695.0968022621237
frame_002254.jpg,person,0.9977107048034668,5576.443563979119
frame_002254.jpg,person,0.8998228311538696,1573.792183885147
frame_002254.jpg,traffic light,0.8907974362373352,1470.9441731187108
frame_002254.jpg,sink,0.5196211934089661,27.860087966546416
frame_002277.jpg,person,0.9978206157684326,4604.033488114161
frame_002277.jpg,traffic light,0.9531674981117249,1605.6233962790575
frame_002277.jpg,person,0.8224555253982544,1585.962077891454
frame_002300.jpg,traffic light,0.9538149833679199,1672.0808232785203
frame_002300.jpg,person,0.9225890636444092,1563.4518197922444
frame_002323.jpg,person,0.9161965847015381,1567.0369938388467
frame_002323.jpg,traffic light,0.8440519571304321,1535.864678039463
frame_002323.jpg,person,0.7741281390190125,4902.1431047953665
frame_002346.jpg,person,0.9706377983093262,24459.563690871408
frame_002346.jpg,person,0.9571192860603333,6958.276187710144
frame_002346.jpg,person,0.9248989820480347,38217.679639503105
frame_002346.jpg,person,0.7137489914894104,2165.2459982851287
frame_002346.jpg,person,0.6935571432113647,16311.571284321835
frame_002346.jpg,person,0.5488618612289429,17634.90626020942
frame_002369.jpg,person,0.9223080277442932,7043.074060518527
frame_002369.jpg,person,0.890968918800354,3562.0726793147624
frame_002369.jpg,person,0.7674968242645264,2566.0639877767535
frame_002369.jpg,wine glass,0.7462520003318787,6211.756314705533
frame_002369.jpg,person,0.6678982377052307,7561.45821138192
frame_002392.jpg,person,0.9705410003662109,22086.630087276484
frame_002392.jpg,person,0.5751929879188538,7465.266109659278
frame_002415.jpg,person,0.8316251039505005,43286.69759954258
frame_002415.jpg,person,0.6057560443878174,26441.72985189418
frame_002438.jpg,person,0.9699015617370605,39930.31957932917
frame_002438.jpg,cup,0.7182365655899048,1776.6591935511678
frame_002438.jpg,person,0.5384296178817749,236.32636194000952
frame_002461.jpg,person,0.9057711362838745,25437.70011346611
frame_002461.jpg,horse,0.6273635029792786,36857.933612592315
frame_002484.jpg,person,0.9972412586212158,28428.2203951602
frame_002484.jpg,person,0.9952335953712463,11062.18811378174
frame_002484.jpg,frisbee,0.5148138403892517,7984.5880191705655
frame_002507.jpg,person,0.9960730075836182,25047.470408306457
frame_002507.jpg,person,0.5054971575737,26427.433863655693
frame_002530.jpg,person,0.9980447292327881,25271.517245501047
frame_002530.jpg,person,0.9950439929962158,5840.483898216335
frame_002530.jpg,person,0.9669713377952576,2992.111148782511
frame_002530.jpg,umbrella,0.6138358116149902,1807.380895082024
frame_002553.jpg,person,0.9982016086578369,12016.099117586069
frame_002576.jpg,person,0.9862152934074402,19677.014475474134
frame_002576.jpg,person,0.7327151298522949,1744.4034350663424
frame_002576.jpg,person,0.6945606470108032,6209.887907818425
frame_002576.jpg,suitcase,0.6117715835571289,2662.90128208464
frame_002576.jpg,toothbrush,0.524247944355011,2543.0624321130454
frame_002599.jpg,person,0.9900348782539368,4648.37524226727
frame_002599.jpg,person,0.976642370223999,22275.43053982593
frame_002599.jpg,dining table,0.5738651752471924,4692.68052372965
frame_002622.jpg,person,0.9815695285797119,16248.871813803315
frame_002622.jpg,person,0.9754747748374939,5634.807203220786
frame_002622.jpg,bicycle,0.6252145171165466,2432.827706948854
frame_002622.jpg,person,0.5270929336547852,9645.129956550692
frame_002645.jpg,person,0.9944387674331665,5791.797880846076
frame_002645.jpg,person,0.9930116534233093,7372.3787976801395
frame_002645.jpg,person,0.9869078397750854,6629.634593029419
frame_002645.jpg,person,0.9511610865592957,4372.67549461266
frame_002645.jpg,person,0.6102343201637268,1421.087937939301
frame_002645.jpg,person,0.5252082943916321,3713.4785798341327
frame_002668.jpg,person,0.9948458671569824,2202.956055320101
frame_002668.jpg,person,0.985183596611023,2159.157960653538
frame_002668.jpg,person,0.9275783896446228,2849.6935699619353
frame_002668.jpg,person,0.9205654263496399,1458.4913625238842
frame_002668.jpg,person,0.8896117210388184,2267.673409152485
frame_002691.jpg,person,0.9954957962036133,16283.015278016523
frame_002691.jpg,person,0.9862185120582581,4991.55518567824
frame_002691.jpg,cup,0.8235718607902527,1877.2250620694067
frame_002714.jpg,person,0.8369794487953186,29605.14276474947
frame_002737.jpg,person,0.9905881881713867,25236.160394134917
frame_002737.jpg,person,0.953056812286377,1716.4551082318649
frame_002737.jpg,person,0.8917446732521057,5193.559757590992
frame_002737.jpg,person,0.8654987812042236,6639.410376347951
frame_002737.jpg,bed,0.7413874864578247,5458.5583089469
frame_002760.jpg,person,0.9960647225379944,26949.777552796033
frame_002760.jpg,person,0.9947232007980347,6457.837760473136
frame_002783.jpg,person,0.9957804679870605,21046.151685241362
frame_002783.jpg,person,0.9060181975364685,4326.727019973099
frame_002783.jpg,person,0.8314937949180603,10133.505583707243
frame_002783.jpg,person,0.6293883919715881,1670.8805141311605
frame_002806.jpg,person,0.996320366859436,10041.420505346847
frame_002806.jpg,person,0.9566424489021301,11255.621277649887
frame_002806.jpg,person,0.9197107553482056,7750.362347305287
frame_002806.jpg,person,0.8217587471008301,583.7873886157759
frame_002806.jpg,person,0.6407981514930725,327.04978805902647
frame_002829.jpg,person,0.9839264750480652,16756.03744962183
frame_002829.jpg,person,0.9766430854797363,10344.989573797211
frame_002829.jpg,person,0.7298082709312439,20063.402919919405
frame_002852.jpg,person,0.9982902407646179,7336.919338244188
frame_002852.jpg,person,0.9943622350692749,9304.354082451202
frame_002852.jpg,person,0.9277516603469849,2468.1767695993185
frame_002852.jpg,person,0.6162859797477722,1695.650649361778
frame_002875.jpg,person,0.9974138140678406,23366.908269826672
frame_002875.jpg,person,0.7399638891220093,6504.553404700127
frame_002898.jpg,person,0.9952986836433411,32168.34271792177
frame_002898.jpg,person,0.9845014214515686,7577.093838869885
frame_002898.jpg,person,0.9824971556663513,5132.287831742331
frame_002898.jpg,person,0.5142545700073242,4758.0000976734445
frame_002921.jpg,person,0.9972833395004272,3983.517173747532
frame_002921.jpg,person,0.994059681892395,40222.86617650751
frame_002921.jpg,person,0.5894429683685303,1413.6129554032232
frame_002944.jpg,person,0.6686790585517883,34669.595089723414
frame_002944.jpg,bird,0.548292875289917,5423.010113320663
frame_002967.jpg,person,0.9974416494369507,10770.916640803625
frame_002967.jpg,person,0.9874086380004883,9618.468867315387
frame_002967.jpg,person,0.982703447341919,7133.705867955694
frame_002967.jpg,person,0.8729394674301147,2513.408770029666
frame_002967.jpg,person,0.6504952311515808,2072.1100473030237
frame_002990.jpg,person,0.997060239315033,38432.38104028752
frame_002990.jpg,person,0.9522848725318909,7437.240153488237
frame_002990.jpg,person,0.8809776902198792,15158.32744776336
frame_002990.jpg,person,0.702325701713562,14979.72075818479
frame_002990.jpg,person,0.512958288192749,7756.794890468809
frame_002990.jpg,person,0.5124502778053284,3888.450983673334
frame_003013.jpg,person,0.9938099980354309,10735.699935318902
frame_003013.jpg,person,0.9466782808303833,1671.660636929213
frame_003013.jpg,teddy bear,0.6941405534744263,4443.709635660751
frame_003013.jpg,frisbee,0.504997193813324,3817.5100738721667
frame_003036.jpg,person,0.9815000295639038,35712.65083957039
frame_003059.jpg,person,0.9944615960121155,5868.0507988370955
frame_003059.jpg,person,0.9692533016204834,1243.0948714367114
frame_003059.jpg,person,0.9485306739807129,9249.936938936793
frame_003059.jpg,person,0.9287474751472473,6309.60399662843
frame_003059.jpg,person,0.6806989908218384,2914.678743522847
frame_003059.jpg,frisbee,0.5796473622322083,145.87607676326297
frame_003059.jpg,person,0.569445788860321,1681.8642675701994
frame_003059.jpg,person,0.5453993678092957,5981.449367107416
frame_003082.jpg,person,0.7678053379058838,25075.008701845072
frame_003082.jpg,person,0.7304483652114868,13293.98135008692
frame_003082.jpg,umbrella,0.5838344693183899,2726.162561798934
frame_003105.jpg,person,0.9927841424942017,15583.85047516931
frame_003105.jpg,person,0.9559394717216492,2939.533409300726
frame_003105.jpg,person,0.9259332418441772,4397.829996688291
frame_003105.jpg,person,0.6970919966697693,1750.2485781032592
frame_003105.jpg,person,0.6091587543487549,501.8577239791048
frame_003128.jpg,person,0.9675998687744141,26761.41991596576
frame_003128.jpg,person,0.8093215227127075,11516.273921322834
frame_003128.jpg,oven,0.6791993379592896,266.1291418664623
frame_003128.jpg,person,0.6415399312973022,41172.1988609154
frame_003151.jpg,person,0.988323450088501,2762.4610456306254
frame_003151.jpg,person,0.9865292310714722,26614.29307671645
frame_003151.jpg,person,0.8938732743263245,1656.8532645455562
frame_003174.jpg,person,0.9989450573921204,6195.307759500865
frame_003174.jpg,person,0.9978176355361938,34403.07743144268
frame_003174.jpg,person,0.9452175498008728,2609.0892666764557
frame_003174.jpg,person,0.7817126512527466,1288.5241160164587
frame_003197.jpg,person,0.9508417248725891,1764.5445571888704
frame_003197.jpg,person,0.7708223462104797,1910.9451748544816
frame_003197.jpg,person,0.7672832608222961,1544.1232487456873
frame_003197.jpg,train,0.5229660868644714,57693.35462807743
frame_003220.jpg,person,0.9859119057655334,36679.82626276662
frame_003220.jpg,knife,0.7572250962257385,3502.5838440887164
frame_003220.jpg,person,0.6201691031455994,18670.50363961002
frame_003220.jpg,frisbee,0.602388322353363,1417.3947218735702
frame_003243.jpg,person,0.9449862241744995,37551.782375352435
frame_003243.jpg,frisbee,0.572736382484436,8239.576429781271
frame_003266.jpg,person,0.9796639680862427,22366.863704453805
frame_003266.jpg,person,0.9740459322929382,15875.932767090853
frame_003289.jpg,person,0.983854353427887,16903.150847767014
frame_003289.jpg,person,0.8738309741020203,9328.595573523548
frame_003312.jpg,person,0.9935296177864075,9341.785203420208
frame_003312.jpg,person,0.9835985898971558,12038.168715172098
frame_003312.jpg,person,0.8102214932441711,729.0541417920322
frame_003312.jpg,person,0.7901469469070435,8283.04904900305
frame_003335.jpg,person,0.9980260729789734,13347.446306325408
frame_003335.jpg,person,0.9460142254829407,15800.947231749888
frame_003358.jpg,person,0.9338975548744202,25711.242257712125
frame_003358.jpg,person,0.8574437499046326,40849.08453850803
frame_003358.jpg,hair drier,0.7167389988899231,118.51399827632122
frame_003381.jpg,person,0.9821746349334717,29479.321266628394
frame_003381.jpg,person,0.8589203953742981,1501.0582459788639
frame_003381.jpg,frisbee,0.8013305068016052,14854.796193038404
frame_003381.jpg,person,0.5746266841888428,15652.746650336056
frame_003404.jpg,person,0.7877252697944641,8421.891824644874
frame_003404.jpg,frisbee,0.6481409668922424,2634.3353721634485
frame_003427.jpg,person,0.9810629487037659,24686.97245792672
frame_003427.jpg,bench,0.5163383483886719,5978.545994250744
frame_003450.jpg,person,0.9664907455444336,17487.79158063233
frame_003450.jpg,person,0.5882479548454285,6772.310616736882
frame_003450.jpg,keyboard,0.554923415184021,617.7781022221316
frame_003450.jpg,cup,0.5211378931999207,402.8437513448862
frame_003473.jpg,person,0.9800481200218201,13066.427962024056
frame_003473.jpg,bed,0.6041107177734375,9451.215803191066
frame_003496.jpg,person,0.9237573146820068,1374.2667768816173
frame_003496.jpg,person,0.7781634330749512,458.83108871948207
frame_003496.jpg,person,0.7692716121673584,1951.434362854343
frame_003496.jpg,bird,0.7168635725975037,4409.808957617497
frame_003496.jpg,person,0.7150688171386719,809.9362354835466
frame_003496.jpg,person,0.6860173344612122,14747.703150175628
frame_003496.jpg,person,0.5586863160133362,6557.463686005824
frame_003496.jpg,dining table,0.5347553491592407,29743.157436637543
frame_003496.jpg,person,0.5085322856903076,2995.8510804558027
frame_003519.jpg,person,0.976924479007721,19153.201803606702
frame_003542.jpg,person,0.9962717294692993,11157.182971280476
frame_003542.jpg,person,0.9752214550971985,16739.702691793966
frame_003542.jpg,umbrella,0.6818796992301941,3215.0537620413525
frame_003565.jpg,person,0.999325156211853,2197.673091884004
frame_003565.jpg,person,0.9979871511459351,13113.169190753892
frame_003565.jpg,person,0.9925975799560547,11473.31345281389
frame_003565.jpg,person,0.9886571764945984,3160.052568175248
frame_003588.jpg,person,0.9974289536476135,6820.103943968075
frame_003588.jpg,person,0.9824161529541016,5565.987183398451
frame_003588.jpg,dining table,0.5682090520858765,1971.7424238571257
frame_003588.jpg,person,0.5615065693855286,7072.06915125763
frame_003611.jpg,person,0.9673216938972473,31247.70290111439
frame_003611.jpg,person,0.9304323792457581,24070.582274822234
frame_003611.jpg,wine glass,0.8871253728866577,5380.352678938558
frame_003611.jpg,person,0.8612683415412903,12893.487357063219
frame_003611.jpg,person,0.7227000594139099,12048.410090520649
frame_003611.jpg,frisbee,0.6933441162109375,6116.35366168886
frame_003611.jpg,person,0.5618352293968201,6947.105162155494
frame_003634.jpg,person,0.6584349870681763,3841.3527267662867
frame_003634.jpg,dining table,0.5378365516662598,34783.81032995868
frame_003634.jpg,toothbrush,0.5017521977424622,3276.832541613956
frame_003657.jpg,person,0.9541960954666138,28844.34262901062
frame_003657.jpg,person,0.9021741151809692,19898.142973883078
frame_003657.jpg,person,0.5130667686462402,10413.916875450639
frame_003680.jpg,person,0.9859641790390015,26348.07318848041
frame_003680.jpg,person,0.9685795903205872,21155.25206887233
frame_003680.jpg,person,0.8136194944381714,33444.050641162794
frame_003680.jpg,person,0.5344476103782654,12302.417631425124
frame_003703.jpg,person,0.9924426674842834,12008.308985277079
frame_003703.jpg,person,0.9786306023597717,8015.87903029882
frame_003703.jpg,person,0.7960551381111145,22602.789613930683
frame_003726.jpg,person,0.939475417137146,10777.260704993678
frame_003726.jpg,person,0.8297581672668457,7087.895577811869
frame_003726.jpg,bed,0.8116193413734436,1814.0870067218202
frame_003726.jpg,person,0.7127416729927063,20973.519954063697
frame_003726.jpg,cup,0.6897373795509338,291.76808662177064
frame_003726.jpg,person,0.5549118518829346,22717.39412193958
frame_003749.jpg,person,0.9970069527626038,5517.599289425707
frame_003749.jpg,cup,0.7872806191444397,228.66906506940722
frame_003749.jpg,cup,0.7610012292861938,250.73795850155875
frame_003749.jpg,cup,0.7071176767349243,350.84469444002025
frame_003749.jpg,cup,0.6862054467201233,320.06777458591387
frame_003772.jpg,person,0.9619129300117493,33077.58564725243
frame_003772.jpg,person,0.8960939645767212,3973.052344750031
frame_003772.jpg,person,0.795907199382782,11776.956499716325
frame_003772.jpg,bed,0.6847452521324158,2171.977094662725
frame_003772.jpg,keyboard,0.5549857020378113,5777.673837712122
frame_003772.jpg,person,0.5501967668533325,8275.600745381496
frame_003772.jpg,hair drier,0.5374809503555298,212.7108627129346
frame_003795.jpg,person,0.9696111083030701,1908.4658397972235
frame_003795.jpg,umbrella,0.9214547276496887,1108.666369157494
frame_003795.jpg,person,0.8346362113952637,37539.89525293141
frame_003795.jpg,person,0.7653711438179016,4035.2599225218873
frame_003795.jpg,person,0.5653031468391418,9041.758742735547
frame_003818.jpg,person,0.7287521362304688,19033.42470092484
frame_003818.jpg,person,0.6384744644165039,6856.742936109395
frame_003818.jpg,snowboard,0.5787104964256287,18627.56665315901
frame_003841.jpg,person,0.9604597091674805,23093.90240901956
frame_003841.jpg,person,0.9377491474151611,7088.047746955344
frame_003841.jpg,person,0.9261977076530457,8786.500128000727
frame_003841.jpg,pizza,0.7124066352844238,5605.565565502271
frame_003841.jpg,person,0.5969033241271973,40523.2077296576
frame_003841.jpg,sandwich,0.5362586379051208,2418.856595457997
frame_003864.jpg,person,0.9040144681930542,35890.51986235157
frame_003864.jpg,toothbrush,0.7468323111534119,3480.51149567627
frame_003887.jpg,bed,0.8742799162864685,4271.98286339175
frame_003887.jpg,N/A,0.512895405292511,650.1418808689341
frame_003910.jpg,spoon,0.572591245174408,583.056526167551
frame_003956.jpg,person,0.9957911968231201,3255.3386283526197
frame_003956.jpg,person,0.9825814962387085,9289.978200831807
frame_003956.jpg,person,0.9821817278862,35132.98737464344
frame_003956.jpg,person,0.8203307390213013,1165.2187079594005
frame_003956.jpg,person,0.7440900802612305,15478.75141453887
frame_004002.jpg,person,0.9641340374946594,25736.238156018517
frame_004002.jpg,person,0.8905903697013855,33207.94476087086
frame_004002.jpg,horse,0.8571749329566956,17422.245846160105
frame_004002.jpg,person,0.7977627515792847,14108.528229872696
frame_004002.jpg,person,0.5982040166854858,829.3160189257615
frame_004002.jpg,person,0.5235220789909363,6718.606203796575
frame_004025.jpg,person,0.9770001173019409,24009.939719272563
frame_004025.jpg,person,0.8340873122215271,14811.263783212693
frame_004025.jpg,person,0.8124367594718933,13362.274289054563
frame_004025.jpg,sink,0.5973962545394897,10621.568266981049
frame_004025.jpg,horse,0.5623469352722168,9698.590112486214
frame_004048.jpg,person,0.9713298082351685,24822.572808145138
frame_004048.jpg,person,0.9410641193389893,21332.290653049888
frame_004048.jpg,person,0.7341628670692444,7753.678525177296
frame_004048.jpg,person,0.6841220855712891,38313.02735654805
frame_004048.jpg,person,0.6504024863243103,2913.422747442266
frame_004048.jpg,person,0.5311464667320251,1254.140451066196
frame_004048.jpg,person,0.5288609862327576,7581.3746989832725
frame_004071.jpg,person,0.9841840267181396,21210.393422684865
frame_004071.jpg,person,0.9768993258476257,23113.45830183966
frame_004071.jpg,person,0.825465977191925,38703.96589658732
frame_004071.jpg,person,0.509351909160614,11084.39790256659
frame_004094.jpg,person,0.966673731803894,19759.35515349487
frame_004094.jpg,person,0.9547387957572937,16855.404276782647
frame_004094.jpg,person,0.9457274079322815,5659.567383525427
frame_004094.jpg,person,0.7528654932975769,13762.578439673904
frame_004094.jpg,person,0.6497448682785034,36574.79073026794
frame_004094.jpg,person,0.581387460231781,1451.763174506079
frame_004117.jpg,person,0.9709940552711487,22321.374702591987
frame_004117.jpg,person,0.9616413116455078,17029.744638198754
frame_004117.jpg,person,0.8840849995613098,8213.235405831656
frame_004117.jpg,person,0.5655254125595093,38639.944166263274
frame_004117.jpg,person,0.5059176683425903,4020.1565393763594
frame_004140.jpg,person,0.9919971823692322,25618.609436081242
frame_004140.jpg,person,0.9346281290054321,17515.733945100685
frame_004140.jpg,person,0.9209308624267578,13542.46442423074
frame_004140.jpg,person,0.7603748440742493,35817.84820177329
frame_004140.jpg,person,0.6460160613059998,6544.594830827875
frame_004140.jpg,person,0.6355692744255066,1458.5550529037137
frame_004140.jpg,person,0.5994609594345093,1000.8941483125091
frame_004163.jpg,person,0.9838990569114685,29218.124818582437
frame_004163.jpg,person,0.9415366053581238,13751.773112062801
frame_004163.jpg,person,0.6017364859580994,8872.433355900575
frame_004163.jpg,person,0.5919659733772278,13918.798210676992
frame_004163.jpg,horse,0.5362573266029358,7368.968515859451
frame_004163.jpg,frisbee,0.5265662670135498,5416.157577781007
frame_004186.jpg,person,0.9942063093185425,4720.647968612844
frame_004186.jpg,person,0.9383277893066406,1532.6113372486434
frame_004186.jpg,tennis racket,0.8089306354522705,270.4770704533439
frame_004186.jpg,person,0.5754928588867188,2112.702246044122
frame_004209.jpg,person,0.9983034133911133,8802.79411731544
frame_004209.jpg,person,0.995478093624115,7219.213513729628
frame_004209.jpg,car,0.7729222774505615,231.68626719995518
frame_004232.jpg,person,0.8163257837295532,2384.7956373923807
frame_004255.jpg,person,0.9889139533042908,14566.979427811748
frame_004278.jpg,person,0.8749813437461853,28580.47150991269
frame_004278.jpg,keyboard,0.5764386653900146,846.6465742792934
frame_004301.jpg,person,0.63791823387146,2478.180801796261
frame_004301.jpg,bus,0.5957399606704712,36871.040103927255
frame_004324.jpg,person,0.9878121018409729,21774.404958185703
frame_004324.jpg,person,0.966167151927948,25609.113442903486
frame_004324.jpg,frisbee,0.5365188121795654,2054.77050011931
frame_004324.jpg,horse,0.5257683992385864,22349.78395121615
frame_004347.jpg,person,0.9914622902870178,36347.08285261799
frame_004347.jpg,person,0.5184924006462097,6320.247977533116
frame_004370.jpg,person,0.9928761720657349,23231.650427572575
frame_004370.jpg,person,0.9184495806694031,8392.911513859872
frame_004370.jpg,person,0.7062750458717346,4852.305429347325
frame_004393.jpg,person,0.9813093543052673,4549.533853799379
frame_004393.jpg,person,0.9808597564697266,11521.537743501904
frame_004393.jpg,person,0.7664175629615784,15845.693587441201
frame_004393.jpg,person,0.6316636204719543,25261.577031390276
frame_004416.jpg,person,0.935320258140564,14335.314059950295
frame_004439.jpg,person,0.7098866105079651,20096.000343299325
frame_004439.jpg,bird,0.6186710000038147,11403.328746438492
frame_004462.jpg,person,0.9958407282829285,15269.326214567933
frame_004462.jpg,person,0.9896739721298218,2432.683097229805
frame_004462.jpg,person,0.9889340996742249,4494.357786235749
frame_004485.jpg,person,0.9928779006004333,17314.12889664076
frame_004508.jpg,hair drier,0.959971010684967,197.63978620737907
frame_004508.jpg,person,0.7448713779449463,33617.30432800995
frame_004508.jpg,hair drier,0.5614226460456848,2126.644338813552
frame_004531.jpg,person,0.9909438490867615,4986.82600267767
frame_004531.jpg,person,0.9765739440917969,9174.97767899651
frame_004531.jpg,person,0.9549886584281921,5489.133249951759
frame_004531.jpg,person,0.9335567951202393,1516.4366072309786
frame_004531.jpg,person,0.9178266525268555,2627.6452480360167
frame_004531.jpg,person,0.7411425113677979,7401.46931548405
frame_004531.jpg,person,0.7031744718551636,2214.081472317921
frame_004531.jpg,person,0.6167775988578796,1934.3434448404005
frame_004531.jpg,person,0.5996525883674622,1385.9347280147485
frame_004531.jpg,person,0.5425516963005066,965.4744676447299
frame_004531.jpg,suitcase,0.5178127884864807,535.9541421546601
frame_004531.jpg,person,0.5155194401741028,2442.9684723936953
frame_004554.jpg,person,0.989730715751648,11104.132179101172
frame_004554.jpg,oven,0.6611658334732056,1441.4845648721675
frame_004554.jpg,person,0.6011561155319214,4405.698034252273
frame_004554.jpg,bed,0.549002468585968,2633.859244501451
frame_004554.jpg,toothbrush,0.5191060900688171,473.3844860151876
frame_004577.jpg,person,0.9890116453170776,12850.902190947585
frame_004577.jpg,person,0.7557802796363831,4502.032335802505
frame_004600.jpg,person,0.9844381213188171,20434.68879969511
frame_004600.jpg,person,0.9796979427337646,1242.0059032004792
frame_004600.jpg,person,0.817394495010376,3074.4267897019163
frame_004600.jpg,frisbee,0.7805517911911011,1855.2352080512792
frame_004623.jpg,person,0.9945946335792542,46749.75995191586
frame_004646.jpg,person,0.9968330264091492,17298.807585495524
frame_004646.jpg,person,0.8771833777427673,2909.990823725282
frame_004646.jpg,teddy bear,0.7001243829727173,3878.761417029891
frame_004646.jpg,person,0.5249386429786682,13643.050057165101
frame_004669.jpg,person,0.9718751311302185,34568.34485861501
frame_004669.jpg,person,0.8991616368293762,5149.573976099258
frame_004692.jpg,person,0.992607593536377,5232.758883178234
frame_004692.jpg,person,0.9847742915153503,11714.524517350656
frame_004715.jpg,person,0.9944374561309814,10034.858509352198
frame_004715.jpg,person,0.9707369804382324,4918.795599017758
frame_004715.jpg,person,0.9581871032714844,1691.6103537849267
frame_004715.jpg,person,0.795764148235321,11838.400605787465
frame_004715.jpg,person,0.5441349148750305,8589.075553057482
frame_004715.jpg,person,0.520275354385376,17575.131521122785
frame_004738.jpg,person,0.7713770270347595,19950.030216774903
frame_004761.jpg,person,0.9826244711875916,16133.02599735069
frame_004761.jpg,skis,0.6928699016571045,5057.279501485638
frame_004784.jpg,person,0.9951428174972534,22018.67894891824
frame_004784.jpg,person,0.8189722299575806,29404.061060134554
frame_004807.jpg,person,0.9944047927856445,41230.74776592856
frame_004807.jpg,person,0.9592556357383728,6056.467923922464
frame_004830.jpg,person,0.9970699548721313,27361.861871661087
frame_004830.jpg,suitcase,0.7345114350318909,4568.33304133499
frame_004853.jpg,person,0.9882826209068298,22748.673650660785
frame_004853.jpg,person,0.9266712665557861,34572.601217164265
frame_004853.jpg,person,0.9201406836509705,1916.2134893957991
frame_004853.jpg,person,0.7715449929237366,8599.044212529552
frame_004853.jpg,bed,0.7571747899055481,2257.5436715371907
frame_004853.jpg,person,0.5092077851295471,3348.207799991942
frame_004876.jpg,person,0.9632808566093445,29191.05584918234
frame_004899.jpg,person,0.7773705720901489,24918.436414389726
frame_004922.jpg,person,0.9509918689727783,12951.240453276085
frame_004945.jpg,person,0.9877124428749084,31146.369769925164
frame_004968.jpg,person,0.9865619540214539,32719.40183891816
frame_004968.jpg,car,0.632922887802124,2684.8154282101896
frame_004968.jpg,parking meter,0.5898779034614563,640.2234356920235
frame_004991.jpg,person,0.9959075450897217,13668.936526360922
frame_004991.jpg,person,0.991680920124054,8024.690878959373
frame_005014.jpg,person,0.9757493734359741,38233.24677747275
frame_005014.jpg,person,0.9230728149414062,9312.588412754703
frame_005014.jpg,person,0.8075903654098511,14046.451140613164
frame_005014.jpg,person,0.7687278985977173,4422.726876585453
frame_005014.jpg,person,0.7574222087860107,20521.265291703283
frame_005014.jpg,person,0.6207724809646606,3215.94425682351
frame_005014.jpg,person,0.5993742346763611,8370.83665367472
frame_005014.jpg,sink,0.5137888789176941,1128.8629748683888
frame_005037.jpg,person,0.9736757278442383,9621.28730295776
frame_005037.jpg,bench,0.9046425819396973,2809.717670084472
frame_005060.jpg,person,0.9798693060874939,2973.14921805379
frame_005060.jpg,person,0.9759020209312439,18701.01960690802
frame_005060.jpg,person,0.9322648048400879,1181.6167879877612
frame_005060.jpg,person,0.6738250255584717,1129.7790854339837
frame_005060.jpg,teddy bear,0.590898871421814,6102.869880405022
frame_005060.jpg,person,0.559343159198761,326.5722837825306
frame_005083.jpg,person,0.99174565076828,16324.507692083716
frame_005083.jpg,suitcase,0.934895396232605,599.744646223262
frame_005083.jpg,suitcase,0.9281587600708008,513.8753192716977
frame_005083.jpg,person,0.789828360080719,11772.450171622113
frame_005083.jpg,person,0.7417975664138794,3927.11890354965
frame_005083.jpg,person,0.7004052400588989,5803.611704431591
frame_005083.jpg,person,0.6051271557807922,3937.346457082429
frame_005083.jpg,person,0.5823561549186707,198.41987928177696
frame_005106.jpg,person,0.9694092869758606,3602.6722849143553
frame_005106.jpg,person,0.96260666847229,1320.2621589154587
frame_005106.jpg,person,0.9498649835586548,909.2362983277999
frame_005106.jpg,person,0.9462289214134216,8770.630499009974
frame_005106.jpg,person,0.8933194279670715,4513.236721940339
frame_005106.jpg,person,0.7832328677177429,637.7220198442228
frame_005106.jpg,person,0.7700518369674683,2148.9376427249517
frame_005106.jpg,person,0.6315438747406006,823.5921717998281
frame_005106.jpg,person,0.5492536425590515,17137.068061192287
frame_005129.jpg,person,0.9431249499320984,3741.022586163017
frame_005129.jpg,keyboard,0.5304993987083435,45774.694922106144
frame_005152.jpg,person,0.9992369413375854,11134.195966950501
frame_005152.jpg,person,0.9932768940925598,4304.184994252631
frame_005152.jpg,person,0.8777483105659485,5543.276714487642
frame_005152.jpg,person,0.7788036465644836,1917.7140958328964
frame_005152.jpg,bed,0.637969434261322,7211.1598369478015
frame_005152.jpg,frisbee,0.5749514102935791,232.7528330781497
frame_005152.jpg,person,0.5127939581871033,3842.920948759187
frame_005175.jpg,person,0.8528942465782166,19712.632400458402
frame_005175.jpg,parking meter,0.7975835204124451,82.12448506505461
frame_005198.jpg,person,0.7227311730384827,5899.826140214573
frame_005221.jpg,person,0.9322212934494019,5423.821659689769
frame_005221.jpg,person,0.5612384080886841,12030.527545423334
frame_005244.jpg,person,0.9439117312431335,10176.241209858796
frame_005244.jpg,person,0.8354099988937378,15527.492922829842
frame_005244.jpg,person,0.6952168941497803,723.825375544373
frame_005244.jpg,suitcase,0.6720247864723206,744.207670292817
frame_005244.jpg,person,0.5892038941383362,20231.843349342817
frame_005244.jpg,person,0.5225471258163452,21542.151756234205
frame_005244.jpg,bird,0.519557774066925,12489.787486684625
frame_005267.jpg,person,0.9810343384742737,7738.243502375437
frame_005267.jpg,person,0.9663465619087219,3550.842818012112
frame_005267.jpg,frisbee,0.754859983921051,5294.903876024764
frame_005267.jpg,frisbee,0.6522889733314514,13090.651832316653
frame_005267.jpg,person,0.5944560170173645,28806.144638265432
frame_005267.jpg,person,0.5873925089836121,7783.901430622849
frame_005267.jpg,person,0.5581499338150024,1677.4243250326253
frame_005267.jpg,person,0.5042584538459778,17213.412550439127
frame_005290.jpg,person,0.9582244157791138,3151.2814878412755
frame_005290.jpg,person,0.9398710131645203,7671.231673159433
frame_005290.jpg,teddy bear,0.9113039970397949,2863.2005405579694
frame_005290.jpg,person,0.7144196033477783,24229.704939751216
frame_005290.jpg,person,0.5389688611030579,3268.6773383931722
frame_005313.jpg,person,0.9888299107551575,11668.442510681693
frame_005313.jpg,person,0.9599010348320007,14568.010837962422
frame_005313.jpg,suitcase,0.7460711598396301,1956.8665745764156
frame_005313.jpg,suitcase,0.510841429233551,4007.548685814807
frame_005336.jpg,person,0.9893391728401184,10923.141834732669
frame_005336.jpg,person,0.9407904744148254,8115.5589972398975
frame_005336.jpg,person,0.9008119106292725,4183.88779423302
frame_005336.jpg,person,0.8893622756004333,4780.264209309826
frame_005336.jpg,person,0.6919035911560059,3990.9724205971143
frame_005336.jpg,backpack,0.5981075763702393,2716.3120106596034
frame_005336.jpg,person,0.5763342976570129,2125.6433697542616
frame_005336.jpg,person,0.5420866012573242,4643.084567929967
frame_005359.jpg,person,0.9663147330284119,10091.934780748095
frame_005359.jpg,person,0.9401723742485046,7258.380715557972
frame_005359.jpg,person,0.7815082669258118,4123.831429410866
frame_005359.jpg,person,0.6010570526123047,17544.992694193963
frame_005382.jpg,person,0.9647984504699707,25483.952264198888
frame_005382.jpg,knife,0.9580819010734558,12409.715760420891
frame_005382.jpg,person,0.9338352084159851,9582.258417694135
frame_005382.jpg,person,0.8710821270942688,8791.202370468032
frame_005382.jpg,person,0.8438776731491089,25242.573194914803
frame_005382.jpg,umbrella,0.823526918888092,4888.402028399397
frame_005382.jpg,person,0.5912767052650452,17809.721499595653
frame_005405.jpg,knife,0.9555164575576782,5239.349086419912
frame_005405.jpg,person,0.9513149857521057,13242.893154288678
frame_005405.jpg,toothbrush,0.7619432210922241,5344.583313795738
frame_005428.jpg,person,0.9980456829071045,7857.363455526269
frame_005428.jpg,person,0.9939591884613037,25231.29455459799
frame_005428.jpg,person,0.9438760876655579,1090.9075202395907
frame_005428.jpg,suitcase,0.7306963801383972,1270.4746631579474
frame_005428.jpg,person,0.7197396755218506,2951.2667925583664
frame_005451.jpg,person,0.9910380840301514,6934.47321443609
frame_005451.jpg,person,0.9903097748756409,15864.027680195868
frame_005451.jpg,person,0.9808641076087952,1293.5030188151868
frame_005474.jpg,person,0.9965308308601379,11100.559653532226
frame_005474.jpg,person,0.9926411509513855,5275.2824164161575
frame_005474.jpg,person,0.7751713395118713,2408.4756587346783
frame_005474.jpg,person,0.7749689221382141,1809.0297624750528
frame_005474.jpg,person,0.60813969373703,603.5860506468453
frame_005474.jpg,teddy bear,0.5944551825523376,4256.496635996318
frame_005474.jpg,person,0.5383776426315308,5336.198769793846
frame_005474.jpg,bicycle,0.5107523798942566,6785.092789288843
frame_005497.jpg,person,0.9974669218063354,9103.742304176965
frame_005497.jpg,person,0.9670743346214294,3783.5757618706557
frame_005497.jpg,person,0.7949190139770508,1111.902401542291
frame_005497.jpg,person,0.5756785273551941,2278.7244506645948
frame_005520.jpg,person,0.9408901929855347,8522.1517553156
frame_005520.jpg,person,0.7636784315109253,9206.076946567337
frame_005520.jpg,person,0.7053998708724976,9890.821308729355
frame_005520.jpg,person,0.5875152349472046,27335.75126325898
frame_005520.jpg,person,0.5187451243400574,2618.3391458143815
frame_005543.jpg,person,0.9096697568893433,6523.779268951141
frame_005543.jpg,person,0.8061925768852234,21677.593941527302
frame_005543.jpg,person,0.7877296805381775,15267.887072725454
frame_005543.jpg,person,0.7476307153701782,2810.199887910858
frame_005543.jpg,person,0.7356195449829102,7958.759632154717
frame_005543.jpg,person,0.6314824223518372,7442.865287001892
frame_005543.jpg,person,0.5814351439476013,19186.253329085986
frame_005543.jpg,person,0.5807215571403503,3467.10851145195
frame_005543.jpg,person,0.518516480922699,7543.011214333819
frame_005566.jpg,person,0.941270649433136,6894.071465172761
frame_005566.jpg,person,0.929111659526825,23810.666193782003
frame_005566.jpg,person,0.7604395747184753,7209.21263520699
frame_005566.jpg,person,0.7235982418060303,19090.900550120787
frame_005566.jpg,person,0.635613739490509,5900.08309290788
frame_005566.jpg,person,0.5977408289909363,3013.047517227009
frame_005566.jpg,person,0.5628474950790405,8529.406661720655
frame_005589.jpg,person,0.8869673609733582,17186.800520898527
frame_005589.jpg,person,0.8748921751976013,27409.79245116294
frame_005589.jpg,person,0.7388157844543457,6092.67554464424
frame_005589.jpg,person,0.6691421866416931,6532.922046012118
frame_005589.jpg,person,0.612169623374939,19119.110499349164
